,mse,mase,mae,mape,fold,id,trial_num
0,1365.452880859375,0.7591690421104431,21.565752029418945,43.34938049316406,0,Apple_Video,2
0,1329.7733154296875,0.7275213599205017,21.96095848083496,36.96797180175781,1,Apple_Video,2
0,1264.973876953125,0.65981125831604,20.838891983032227,30.04118537902832,2,Apple_Video,2
0,1233.3271484375,0.6455166339874268,20.74734115600586,29.11309242248535,3,Apple_Video,2
0,1296.28515625,0.6452755331993103,20.662750244140625,28.951358795166016,4,Apple_Video,2
0,1334.3665771484375,0.7449057698249817,21.164426803588867,36.41929244995117,0,Google_Play_Store,2
0,1394.5286865234375,0.7424669861793518,22.4112491607666,38.46111297607422,1,Google_Play_Store,2
0,1239.577880859375,0.6551313400268555,20.688777923583984,29.24981689453125,2,Google_Play_Store,2
0,1203.1580810546875,0.6315995454788208,20.307781219482422,28.919679641723633,3,Google_Play_Store,2
0,1281.2451171875,0.6417111754417419,20.55358123779297,27.72366714477539,4,Google_Play_Store,2
0,1506.724853515625,0.8160894513130188,23.176429748535156,42.91562271118164,0,Google_Maps,2
0,1570.251953125,0.8346425294876099,25.190650939941406,49.55205535888672,1,Google_Maps,2
0,1361.908203125,0.6770731806755066,21.38309097290039,29.552913665771484,2,Google_Maps,2
0,1276.115478515625,0.6655527949333191,21.39386558532715,31.419998168945312,3,Google_Maps,2
0,1319.977294921875,0.6471148133277893,20.723398208618164,26.81007957458496,4,Google_Maps,2
0,1403.31201171875,0.780565619468689,22.17457389831543,38.66740036010742,0,Web_Clothes,2
0,1456.91064453125,0.764401376247406,23.074626922607422,39.47081756591797,1,Web_Clothes,2
0,1309.4521484375,0.6641760468482971,20.975173950195312,27.88813018798828,2,Web_Clothes,2
0,1167.7010498046875,0.6271218657493591,20.149816513061523,27.69881248474121,3,Web_Clothes,2
0,1305.2235107421875,0.6438179612159729,20.616426467895508,27.022239685058594,4,Web_Clothes,2
0,1324.140625,0.7356271147727966,20.895902633666992,36.50019454956055,0,Uber,2
0,1364.1556396484375,0.7397922277450562,22.32896614074707,37.13493728637695,1,Uber,2
0,1398.8189697265625,0.6924836039543152,21.86905288696289,30.349519729614258,2,Uber,2
0,1278.01025390625,0.6463159322738647,20.767559051513672,27.795207977294922,3,Uber,2
0,1434.9512939453125,0.6600565910339355,21.135456085205078,28.29047203063965,4,Uber,2
0,1378.555908203125,0.7685031890869141,21.82921028137207,35.989559173583984,0,Twitter,2
0,1508.0419921875,0.8061509728431702,24.331146240234375,48.559669494628906,1,Twitter,2
0,1350.166748046875,0.6885103583335876,21.742015838623047,30.96240997314453,2,Twitter,2
0,1226.7220458984375,0.6440229415893555,20.699329376220703,28.06521987915039,3,Twitter,2
0,1298.82958984375,0.6461261510848999,20.692363739013672,27.121841430664062,4,Twitter,2
0,1349.0321044921875,0.7615037560462952,21.63260841369629,40.63541030883789,0,Microsoft_Mail,2
0,1484.7286376953125,0.7925733923912048,23.92101287841797,45.853702545166016,1,Microsoft_Mail,2
0,1326.7469482421875,0.6628028154373169,20.93545150756836,30.25566864013672,2,Microsoft_Mail,2
0,1274.7806396484375,0.6576541662216187,21.13188934326172,36.36809158325195,3,Microsoft_Mail,2
0,1421.784423828125,0.6783691644668579,21.7198543548584,32.92144775390625,4,Microsoft_Mail,2
0,1262.6798095703125,0.7287359833717346,20.700197219848633,38.271026611328125,0,Microsoft_Store,2
0,1391.7222900390625,0.7348778247833252,22.18682098388672,33.8936653137207,1,Microsoft_Store,2
0,1266.651123046875,0.6643209457397461,20.978620529174805,29.29169464111328,2,Microsoft_Store,2
0,1172.749755859375,0.6290420889854431,20.21146583557129,28.62636375427246,3,Microsoft_Store,2
0,1287.0040283203125,0.6508576273918152,20.842788696289062,32.47991943359375,4,Microsoft_Store,2
0,1264.59423828125,0.7374427914619446,20.946306228637695,43.59696578979492,0,Apple_Music,2
0,1360.050537109375,0.7298120856285095,22.0285701751709,36.3970832824707,1,Apple_Music,2
0,1308.8626708984375,0.6713717579841614,21.202280044555664,33.823246002197266,2,Apple_Music,2
0,1219.2308349609375,0.6376200318336487,20.4853458404541,27.67558479309082,3,Apple_Music,2
0,1285.795166015625,0.6386436223983765,20.452329635620117,27.429473876953125,4,Apple_Music,2
0,1397.7022705078125,0.7668609619140625,21.787431716918945,39.629119873046875,0,Microsoft_Office,2
0,1517.0489501953125,0.7784647941589355,23.498523712158203,41.76555252075195,1,Microsoft_Office,2
0,1320.6485595703125,0.6640433073043823,20.97261619567871,28.85063362121582,2,Microsoft_Office,2
0,1248.12890625,0.6371648907661438,20.476219177246094,27.83260726928711,3,Microsoft_Office,2
0,1326.37744140625,0.6565209627151489,21.02545166015625,29.278350830078125,4,Microsoft_Office,2
0,1443.0557861328125,0.795954704284668,22.6058406829834,47.913612365722656,0,Pokemon_GO,2
0,1473.40234375,0.774547278881073,23.37712287902832,41.076438903808594,1,Pokemon_GO,2
0,1282.4168701171875,0.6649121642112732,20.998029708862305,30.01461410522461,2,Pokemon_GO,2
0,1161.4185791015625,0.621629536151886,19.972986221313477,26.948610305786133,3,Pokemon_GO,2
0,1287.9705810546875,0.6549056172370911,20.968334197998047,31.51519012451172,4,Pokemon_GO,2
0,1390.24560546875,0.7688300013542175,21.83642578125,36.87709426879883,0,Clash_of_Clans,2
0,1469.998291015625,0.754996657371521,22.78639030456543,36.699459075927734,1,Clash_of_Clans,2
0,1425.7620849609375,0.7054829597473145,22.27686309814453,31.468605041503906,2,Clash_of_Clans,2
0,1216.968505859375,0.6392089128494263,20.53856658935547,27.01363182067871,3,Clash_of_Clans,2
0,1324.28125,0.6465272903442383,20.699670791625977,26.70747947692871,4,Clash_of_Clans,2
0,1398.0474853515625,0.7703949809074402,21.88044548034668,41.028751373291016,0,Yahoo_Mail,2
0,1283.4453125,0.7021838426589966,21.195005416870117,33.71829605102539,1,Yahoo_Mail,2
0,1320.2841796875,0.6691377758979797,21.131763458251953,28.5762882232666,2,Yahoo_Mail,2
0,1233.863037109375,0.6492593288421631,20.861265182495117,28.796297073364258,3,Yahoo_Mail,2
0,1283.4569091796875,0.6418205499649048,20.552947998046875,27.015825271606445,4,Yahoo_Mail,2
0,1437.9393310546875,0.7875089049339294,22.37250328063965,48.35212326049805,0,PlayStation,2
0,1359.53759765625,0.7332530617713928,22.1318416595459,39.09068298339844,1,PlayStation,2
0,1315.049560546875,0.6698936223983765,21.15707778930664,31.291606903076172,2,PlayStation,2
0,1211.392578125,0.6344886422157288,20.39097023010254,27.574268341064453,3,PlayStation,2
0,1296.471435546875,0.6472614407539368,20.72443389892578,27.445783615112305,4,PlayStation,2
0,1386.716552734375,0.7706926465034485,21.886024475097656,42.83122634887695,0,Wikipedia,2
0,1358.5015869140625,0.7434190511703491,22.439193725585938,39.51670455932617,1,Wikipedia,2
0,1303.1177978515625,0.6659298539161682,21.032678604125977,29.567903518676758,2,Wikipedia,2
0,1250.6475830078125,0.6475682258605957,20.804582595825195,28.424734115600586,3,Wikipedia,2
0,1272.7591552734375,0.6325424909591675,20.254369735717773,25.64534568786621,4,Wikipedia,2
0,1453.7366943359375,0.7789788246154785,22.122514724731445,37.724586486816406,0,Apple_Web_Services,2
0,1396.9019775390625,0.7418684959411621,22.392133712768555,34.261085510253906,1,Apple_Web_Services,2
0,1335.6845703125,0.6692541241645813,21.1358642578125,29.01116943359375,2,Apple_Web_Services,2
0,1232.2734375,0.6503796577453613,20.893917083740234,30.853208541870117,3,Apple_Web_Services,2
0,1317.278076171875,0.6493237018585205,20.79541015625,26.94350242614746,4,Apple_Web_Services,2
0,1462.4658203125,0.7905998229980469,22.450130462646484,36.20390701293945,0,Pinterest,2
0,1607.659423828125,0.8066101670265198,24.34640121459961,42.532371520996094,1,Pinterest,2
0,1224.43603515625,0.6567121148109436,20.74017333984375,29.643409729003906,2,Pinterest,2
0,1205.3765869140625,0.6423215270042419,20.64790153503418,29.127513885498047,3,Pinterest,2
0,1269.8616943359375,0.641863226890564,20.554584503173828,30.580196380615234,4,Pinterest,2
0,1532.54052734375,0.8058186769485474,22.884143829345703,38.359046936035156,0,Web_Ads,2
0,1733.4378662109375,0.8432874083518982,25.45148468017578,40.401573181152344,1,Web_Ads,2
0,1271.1961669921875,0.6646087765693665,20.987655639648438,29.525665283203125,2,Web_Ads,2
0,1204.606201171875,0.6380130052566528,20.49690818786621,26.356393814086914,3,Web_Ads,2
0,1285.543701171875,0.6521908640861511,20.88623046875,29.410669326782227,4,Web_Ads,2
0,1335.9906005859375,0.7468989491462708,21.214187622070312,37.222599029541016,0,Google_Mail,2
0,1330.9573974609375,0.7225205898284912,21.814449310302734,35.881954193115234,1,Google_Mail,2
0,1343.0196533203125,0.676805317401886,21.37613868713379,30.454084396362305,2,Google_Mail,2
0,1213.1915283203125,0.6387567520141602,20.52324867248535,26.260841369628906,3,Google_Mail,2
0,1284.444091796875,0.6445016860961914,20.63540267944336,28.873815536499023,4,Google_Mail,2
0,1352.7166748046875,0.7621179223060608,21.649105072021484,38.81364059448242,0,Google_Meet,2
0,1504.100341796875,0.769771933555603,23.235427856445312,37.10388946533203,1,Google_Meet,2
0,1289.1844482421875,0.6624763607978821,20.92197036743164,28.9761962890625,2,Google_Meet,2
0,1206.6119384765625,0.6379812359809875,20.498321533203125,28.975364685058594,3,Google_Meet,2
0,1287.276611328125,0.6452666521072388,20.6700439453125,30.499404907226562,4,Google_Meet,2
0,1356.0609130859375,0.7589541077613831,21.554094314575195,38.578433990478516,0,Apple_Siri,2
0,1449.36328125,0.7581627368927002,22.884746551513672,38.17627716064453,1,Apple_Siri,2
0,1359.3468017578125,0.6833373308181763,21.580429077148438,30.865901947021484,2,Apple_Siri,2
0,1210.6121826171875,0.6548489928245544,21.03910255432129,34.41494369506836,3,Apple_Siri,2
0,1283.3826904296875,0.6429706811904907,20.5861873626709,27.225202560424805,4,Apple_Siri,2
0,1461.00146484375,0.7891612648963928,22.411619186401367,43.73415756225586,0,Web_Adult,2
0,1334.123779296875,0.7166472673416138,21.631071090698242,35.00200653076172,1,Web_Adult,2
0,1264.0379638671875,0.6528412699699402,20.617990493774414,29.19253158569336,2,Web_Adult,2
0,1177.3271484375,0.634117066860199,20.373905181884766,28.1860294342041,3,Web_Adult,2
0,1279.7379150390625,0.6400160193443298,20.49353790283203,27.404441833496094,4,Web_Adult,2
0,1465.73974609375,0.8166532516479492,23.19243621826172,51.4406852722168,0,Spotify,2
0,1329.828857421875,0.7176744341850281,21.6655330657959,33.362369537353516,1,Spotify,2
0,1257.510009765625,0.6516435742378235,20.580507278442383,27.847623825073242,2,Spotify,2
0,1163.93017578125,0.6229620575904846,20.018220901489258,26.537033081054688,3,Spotify,2
0,1301.5035400390625,0.6560971736907959,21.009159088134766,30.665809631347656,4,Spotify,2
0,1408.462646484375,0.7672062516212463,21.79245948791504,40.9399528503418,0,Deezer,2
0,1491.0518798828125,0.7848901152610779,23.69293212890625,44.63081741333008,1,Deezer,2
0,1395.629638671875,0.6868229508399963,21.689899444580078,29.661697387695312,2,Deezer,2
0,1245.2138671875,0.6505004167556763,20.908935546875,27.644351959228516,3,Deezer,2
0,1250.0377197265625,0.6317489147186279,20.2347354888916,26.762325286865234,4,Deezer,2
0,1293.9859619140625,0.746694028377533,21.21160888671875,38.622039794921875,0,Waze,2
0,1406.060546875,0.7422700524330139,22.40826988220215,36.870365142822266,1,Waze,2
0,1314.41015625,0.6654268503189087,21.01456069946289,30.117692947387695,2,Waze,2
0,1191.4752197265625,0.6301814317703247,20.262605667114258,28.1157283782959,3,Waze,2
0,1337.1693115234375,0.6503371000289917,20.8228759765625,27.34749984741211,4,Waze,2
0,1277.15234375,0.7314935326576233,20.778793334960938,35.044010162353516,0,Web_Games,2
0,1374.3048095703125,0.7481258511543274,22.584632873535156,42.6284065246582,1,Web_Games,2
0,1290.5224609375,0.6644814014434814,20.98583221435547,29.716915130615234,2,Web_Games,2
0,1228.9991455078125,0.6419331431388855,20.6246337890625,28.654510498046875,3,Web_Games,2
0,1286.4031982421875,0.6444410085678101,20.639915466308594,26.493682861328125,4,Web_Games,2
0,1543.4227294921875,0.8295355439186096,23.557212829589844,43.18038558959961,0,Apple_App_Store,2
0,1512.8846435546875,0.7867794036865234,23.746715545654297,43.306793212890625,1,Apple_App_Store,2
0,1295.28125,0.6632055640220642,20.945484161376953,30.559110641479492,2,Apple_App_Store,2
0,1201.916259765625,0.6407687664031982,20.596403121948242,26.92176628112793,3,Apple_App_Store,2
0,1295.6864013671875,0.6628240942955017,21.225921630859375,36.12022018432617,4,Apple_App_Store,2
0,1456.6856689453125,0.776859700679779,22.063804626464844,41.43864822387695,0,Microsoft_Skydrive,2
0,1441.6131591796875,0.7629529237747192,23.037160873413086,42.25101089477539,1,Microsoft_Skydrive,2
0,1318.310302734375,0.6666128039360046,21.05265998840332,29.18715476989746,2,Microsoft_Skydrive,2
0,1197.158935546875,0.6268681287765503,20.139524459838867,26.672597885131836,3,Microsoft_Skydrive,2
0,1277.2176513671875,0.6409568786621094,20.526559829711914,26.866344451904297,4,Microsoft_Skydrive,2
0,1423.0966796875,0.7686634659767151,21.831090927124023,38.47328186035156,0,Google_Docs,2
0,1343.95166015625,0.7157219648361206,21.602096557617188,34.775169372558594,1,Google_Docs,2
0,1291.1312255859375,0.6629893183708191,20.935874938964844,32.126853942871094,2,Google_Docs,2
0,1210.416259765625,0.6389378905296326,20.527421951293945,28.051685333251953,3,Google_Docs,2
0,1304.9803466796875,0.6534443497657776,20.923412322998047,30.24240493774414,4,Google_Docs,2
0,1374.6939697265625,0.7510159611701965,21.333425521850586,38.13944625854492,0,Microsoft_Web_Services,2
0,1404.503173828125,0.742304801940918,22.410476684570312,36.985164642333984,1,Microsoft_Web_Services,2
0,1252.2044677734375,0.6611276865005493,20.87962532043457,35.19511795043945,2,Microsoft_Web_Services,2
0,1158.2008056640625,0.6265018582344055,20.130706787109375,28.864585876464844,3,Microsoft_Web_Services,2
0,1299.8226318359375,0.6420809030532837,20.560365676879883,27.2917537689209,4,Microsoft_Web_Services,2
0,1522.2493896484375,0.788184404373169,22.381635665893555,39.496280670166016,0,Molotov,2
0,1616.2481689453125,0.8183392882347107,24.704526901245117,46.14120864868164,1,Molotov,2
0,1267.3167724609375,0.6637915372848511,20.963693618774414,30.830013275146484,2,Molotov,2
0,1227.0626220703125,0.6393764615058899,20.554988861083984,29.51548957824707,3,Molotov,2
0,1331.1182861328125,0.648479700088501,20.766633987426758,25.869068145751953,4,Molotov,2
0,1455.03515625,0.7873856425285339,22.363771438598633,39.018394470214844,0,YouTube,2
0,1440.085205078125,0.779417872428894,23.524520874023438,45.019840240478516,1,YouTube,2
0,1293.8255615234375,0.6669006943702698,21.062000274658203,29.335519790649414,2,YouTube,2
0,1265.0323486328125,0.6486926078796387,20.841596603393555,27.156484603881836,3,YouTube,2
0,1312.2861328125,0.6589688062667847,21.101303100585938,30.552753448486328,4,YouTube,2
0,1438.6640625,0.7778069376945496,22.092884063720703,42.441036224365234,0,Apple_iTunes,2
0,1352.2747802734375,0.7263510227203369,21.926227569580078,34.33604431152344,1,Apple_iTunes,2
0,1249.495361328125,0.6534031629562378,20.636585235595703,29.353506088256836,2,Apple_iTunes,2
0,1197.67724609375,0.6370822787284851,20.46998405456543,29.57569122314453,3,Apple_iTunes,2
0,2001.845947265625,0.7872695326805115,25.208576202392578,32.40021514892578,4,Apple_iTunes,2
0,1395.534912109375,0.753736674785614,21.407854080200195,35.283851623535156,0,Apple_iMessage,2
0,1297.193359375,0.7074326872825623,21.35340118408203,33.09239196777344,1,Apple_iMessage,2
0,1355.7613525390625,0.6571647524833679,20.75430679321289,30.867311477661133,2,Apple_iMessage,2
0,1220.5972900390625,0.6409200429916382,20.59421730041504,30.235429763793945,3,Apple_iMessage,2
0,1365.3997802734375,0.660262405872345,21.146400451660156,31.146076202392578,4,Apple_iMessage,2
0,1432.831787109375,0.7773004770278931,22.076147079467773,41.16553497314453,0,DailyMotion,2
0,1553.1080322265625,0.7922359108924866,23.912309646606445,37.131256103515625,1,DailyMotion,2
0,1281.9703369140625,0.6570614576339722,20.74999237060547,28.26760482788086,2,DailyMotion,2
0,1243.0521240234375,0.665530264377594,21.384382247924805,33.490501403808594,3,DailyMotion,2
0,1298.9066162109375,0.6571033000946045,21.042869567871094,33.44904708862305,4,DailyMotion,2
0,1394.7447509765625,0.7648195624351501,21.72216033935547,38.34675598144531,0,Netflix,2
0,1395.569580078125,0.7604415416717529,22.957462310791016,41.95210647583008,1,Netflix,2
0,1296.11865234375,0.6693078279495239,21.13643455505371,29.95157241821289,2,Netflix,2
0,1255.627197265625,0.6631634831428528,21.30607032775879,30.020099639892578,3,Netflix,2
0,1360.2694091796875,0.6592952609062195,21.118642807006836,25.58295440673828,4,Netflix,2
0,1417.493896484375,0.7744163274765015,21.998615264892578,37.42148971557617,0,Web_Transportation,2
0,1529.473876953125,0.7916507720947266,23.892915725708008,40.440731048583984,1,Web_Transportation,2
0,1236.702880859375,0.6464336514472961,20.417343139648438,28.479602813720703,2,Web_Transportation,2
0,1203.43701171875,0.6367266178131104,20.461400985717773,29.05183219909668,3,Web_Transportation,2
0,1286.7724609375,0.6424059271812439,20.573320388793945,26.30852508544922,4,Web_Transportation,2
0,1281.372314453125,0.7398756742477417,21.014192581176758,37.74283981323242,0,Web_Downloads,2
0,1342.5838623046875,0.7413848042488098,22.38492774963379,41.46977233886719,1,Web_Downloads,2
0,1275.533935546875,0.6672697067260742,21.07242202758789,30.287933349609375,2,Web_Downloads,2
0,1161.780029296875,0.6329463720321655,20.33546257019043,27.92574119567871,3,Web_Downloads,2
0,1292.93994140625,0.6453492045402527,20.664188385009766,29.342758178710938,4,Web_Downloads,2
0,1333.8568115234375,0.7372286319732666,20.940507888793945,35.352195739746094,0,SoundCloud,2
0,1388.4798583984375,0.7585353255271912,22.895240783691406,45.488338470458984,1,SoundCloud,2
0,1272.1514892578125,0.6628562808036804,20.933626174926758,30.971601486206055,2,SoundCloud,2
0,1241.8543701171875,0.6416951417922974,20.622114181518555,27.022075653076172,3,SoundCloud,2
0,1322.9166259765625,0.6480063796043396,20.750743865966797,26.244556427001953,4,SoundCloud,2
0,1360.5146484375,0.7559412121772766,21.47121810913086,37.435020446777344,0,TeamViewer,2
0,1410.421630859375,0.7382678985595703,22.28411293029785,38.47556686401367,1,TeamViewer,2
0,1563.423583984375,0.732900857925415,23.144426345825195,39.00242233276367,2,TeamViewer,2
0,1505.5931396484375,0.6815058588981628,21.896251678466797,28.367429733276367,3,TeamViewer,2
0,1319.12548828125,0.6486380696296692,20.77491569519043,26.82962417602539,4,TeamViewer,2
0,1374.5396728515625,0.7543396353721619,21.42596435546875,36.243953704833984,0,Google_Web_Services,2
0,1599.0596923828125,0.8058130741119385,24.32344627380371,38.87886428833008,1,Google_Web_Services,2
0,1316.9139404296875,0.6886252760887146,21.746456146240234,37.00656509399414,2,Google_Web_Services,2
0,1221.4002685546875,0.6468291878700256,20.785396575927734,28.299039840698242,3,Google_Web_Services,2
0,1362.018798828125,0.6511717438697815,20.851938247680664,30.047258377075195,4,Google_Web_Services,2
0,1429.685791015625,0.7693446278572083,21.85090446472168,33.867244720458984,0,Facebook,2
0,1600.676513671875,0.7910864353179932,23.87824821472168,37.3151969909668,1,Facebook,2
0,1464.9068603515625,0.7136021852493286,22.535690307617188,32.933441162109375,2,Facebook,2
0,1305.8935546875,0.6536005139350891,21.02159881591797,26.486331939697266,3,Facebook,2
0,1412.979736328125,0.6581534147262573,21.078855514526367,26.24516487121582,4,Facebook,2
0,1336.8349609375,0.7509282827377319,21.33106803894043,37.233360290527344,0,EA_Games,2
0,1416.355224609375,0.7536336779594421,22.744253158569336,39.082000732421875,1,EA_Games,2
0,1288.7625732421875,0.6657628417015076,21.025583267211914,30.09749412536621,2,EA_Games,2
0,1245.9285888671875,0.6473038792610168,20.805355072021484,27.548011779785156,3,EA_Games,2
0,1334.593505859375,0.6520715951919556,20.880826950073242,29.079500198364258,4,EA_Games,2
0,1364.978759765625,0.7497581839561462,21.29422378540039,36.58111572265625,0,Tor,2
0,1400.2467041015625,0.748542845249176,22.59457778930664,39.06114196777344,1,Tor,2
0,1277.3282470703125,0.674532413482666,21.30280876159668,30.95482635498047,2,Tor,2
0,1246.3402099609375,0.6487712860107422,20.842914581298828,29.995044708251953,3,Tor,2
0,1272.662353515625,0.6413140296936035,20.53438949584961,26.31632423400879,4,Tor,2
0,1331.1632080078125,0.748540461063385,21.262008666992188,37.526424407958984,0,Amazon_Web_Services,2
0,1341.591064453125,0.7321522235870361,22.10106086730957,36.88011169433594,1,Amazon_Web_Services,2
0,1315.3099365234375,0.6735385060310364,21.26935386657715,30.603652954101562,2,Amazon_Web_Services,2
0,1196.791748046875,0.6275278925895691,20.165294647216797,27.53354835510254,3,Amazon_Web_Services,2
0,1254.271240234375,0.6386780142784119,20.451513290405273,28.776058197021484,4,Amazon_Web_Services,2
0,1468.951904296875,0.8037928342819214,22.831159591674805,39.25300216674805,0,Web_e-Commerce,2
0,1371.8690185546875,0.7419772148132324,22.398479461669922,40.281158447265625,1,Web_e-Commerce,2
0,1303.178466796875,0.6697517037391663,21.151607513427734,31.24315643310547,2,Web_e-Commerce,2
0,1201.1181640625,0.6303009986877441,20.261707305908203,28.527746200561523,3,Web_e-Commerce,2
0,1322.675048828125,0.6532902717590332,20.923316955566406,28.0307674407959,4,Web_e-Commerce,2
0,1393.025146484375,0.7696306109428406,21.862319946289062,44.867530822753906,0,Telegram,2
0,1351.5118408203125,0.7169114351272583,21.640464782714844,33.04192352294922,1,Telegram,2
0,1267.56640625,0.6572394967079163,20.75544548034668,28.067913055419922,2,Telegram,2
0,1251.85009765625,0.6533114910125732,20.99064826965332,29.38491439819336,3,Telegram,2
0,1254.3267822265625,0.6394846439361572,20.4755916595459,28.974199295043945,4,Telegram,2
0,1350.8804931640625,0.7482932209968567,21.253698348999023,38.640869140625,0,Apple_Mail,2
0,1328.09375,0.7160782814025879,21.619762420654297,33.82981872558594,1,Apple_Mail,2
0,1288.1932373046875,0.6656230688095093,21.020124435424805,29.127117156982422,2,Apple_Mail,2
0,1199.371826171875,0.6414538621902466,20.614070892333984,29.661972045898438,3,Apple_Mail,2
0,1307.7012939453125,0.6475659608840942,20.742469787597656,30.728981018066406,4,Apple_Mail,2
0,1361.5350341796875,0.7530022263526917,21.388484954833984,39.541099548339844,0,Dropbox,2
0,1322.7052001953125,0.7236332893371582,21.847320556640625,34.65756607055664,1,Dropbox,2
0,1253.61083984375,0.6563194394111633,20.725961685180664,30.15056037902832,2,Dropbox,2
0,1209.1798095703125,0.6421178579330444,20.632091522216797,28.171306610107422,3,Dropbox,2
0,1427.6279296875,0.672300398349762,21.529979705810547,33.56547546386719,4,Dropbox,2
0,1501.263671875,0.8001444339752197,22.72444725036621,44.55368423461914,0,Web_Food,2
0,1428.21533203125,0.7576248049736023,22.877315521240234,41.334781646728516,1,Web_Food,2
0,1247.7852783203125,0.6531482934951782,20.627578735351562,29.671499252319336,2,Web_Food,2
0,1168.174072265625,0.6281291842460632,20.190391540527344,26.151275634765625,3,Web_Food,2
0,1332.6568603515625,0.653107225894928,20.91452407836914,27.72199249267578,4,Web_Food,2
0,1324.1678466796875,0.7491656541824341,21.278413772583008,43.17989730834961,0,Apple_iCloud,2
0,1351.5439453125,0.728092610836029,21.98044204711914,37.2418327331543,1,Apple_iCloud,2
0,1267.5767822265625,0.6529160141944885,20.61944007873535,29.882522583007812,2,Apple_iCloud,2
0,1196.3409423828125,0.6424428820610046,20.645200729370117,29.26803207397461,3,Apple_iCloud,2
0,1311.4974365234375,0.6446912288665771,20.64413833618164,25.991880416870117,4,Apple_iCloud,2
0,1358.5404052734375,0.7544307112693787,21.428600311279297,42.89253616333008,0,Skype,2
0,1460.6531982421875,0.756248414516449,22.82770538330078,40.17396545410156,1,Skype,2
0,1269.3778076171875,0.6524084210395813,20.606277465820312,30.144176483154297,2,Skype,2
0,1192.582763671875,0.6368803381919861,20.464576721191406,29.626283645629883,3,Skype,2
0,1344.5306396484375,0.6577283143997192,21.065031051635742,28.669437408447266,4,Skype,2
0,1421.454345703125,0.7620877623558044,21.642013549804688,37.625267028808594,0,Facebook_Messenger,2
0,1377.85498046875,0.7302284240722656,22.04214096069336,36.56193161010742,1,Facebook_Messenger,2
0,1306.4468994140625,0.6725762486457825,21.23895835876465,32.41822052001953,2,Facebook_Messenger,2
0,1236.594482421875,0.6467835307121277,20.780071258544922,28.14535140991211,3,Facebook_Messenger,2
0,1291.599853515625,0.6485261917114258,20.772167205810547,29.909038543701172,4,Facebook_Messenger,2
0,1479.0775146484375,0.8019977807998657,22.77583122253418,45.38028335571289,0,Twitch,2
0,1320.0927734375,0.712311327457428,21.5003719329834,34.96415710449219,1,Twitch,2
0,1292.9700927734375,0.6751776337623596,21.321617126464844,32.56946563720703,2,Twitch,2
0,1201.8074951171875,0.6382091641426086,20.507896423339844,31.93534278869629,3,Twitch,2
0,1286.8092041015625,0.6487377285957336,20.7695369720459,27.409997940063477,4,Twitch,2
0,1349.141845703125,0.7521696090698242,21.361116409301758,38.162750244140625,0,Microsoft_Azure,2
0,1330.5506591796875,0.7214592695236206,21.777631759643555,35.89613342285156,1,Microsoft_Azure,2
0,1275.9302978515625,0.6570246815681458,20.74800682067871,30.615537643432617,2,Microsoft_Azure,2
0,1270.9842529296875,0.6550928354263306,21.049922943115234,28.018098831176758,3,Microsoft_Azure,2
0,1371.9755859375,0.6593319773674011,21.108346939086914,27.43131446838379,4,Microsoft_Azure,2
0,1536.60302734375,0.8073582649230957,22.92781639099121,41.44672393798828,0,Instagram,2
0,1436.24169921875,0.7589558959007263,22.90643310546875,38.2417106628418,1,Instagram,2
0,1321.6910400390625,0.6777569651603699,21.40237045288086,30.52332305908203,2,Instagram,2
0,1274.43115234375,0.6619760394096375,21.271465301513672,28.815692901611328,3,Instagram,2
0,1331.2437744140625,0.6480613946914673,20.755489349365234,27.038822174072266,4,Instagram,2
0,1664.9638671875,0.8596164584159851,24.4140567779541,38.866641998291016,0,Facebook_Live,2
0,1524.7152099609375,0.8026197552680969,24.224246978759766,42.08286666870117,1,Facebook_Live,2
0,1370.4852294921875,0.6907138228416443,21.813148498535156,29.658376693725586,2,Facebook_Live,2
0,1289.683837890625,0.6621931195259094,21.286630630493164,27.630672454833984,3,Facebook_Live,2
0,1421.6529541015625,0.6673030257225037,21.36846351623535,27.036142349243164,4,Facebook_Live,2
0,1355.2939453125,0.7624492645263672,21.656709671020508,40.83623123168945,0,Web_Streaming,2
0,1547.487060546875,0.7908787131309509,23.872600555419922,39.51499938964844,1,Web_Streaming,2
0,1316.3509521484375,0.675420880317688,21.33158302307129,30.755081176757812,2,Web_Streaming,2
0,1246.4100341796875,0.654113233089447,21.011878967285156,28.690401077270508,3,Web_Streaming,2
0,1320.2889404296875,0.6493146419525146,20.79474639892578,26.503341674804688,4,Web_Streaming,2
0,1405.1632080078125,0.7618787884712219,21.634746551513672,34.86280059814453,0,Orange_TV,2
0,1360.4334716796875,0.7300884127616882,22.036888122558594,35.76198196411133,1,Orange_TV,2
0,1314.4661865234375,0.6807793378829956,21.5003719329834,31.331714630126953,2,Orange_TV,2
0,1233.736328125,0.6448862552642822,20.719995498657227,27.914148330688477,3,Orange_TV,2
0,1318.100830078125,0.6691586971282959,21.429603576660156,34.37075424194336,4,Orange_TV,2
0,1316.1527099609375,0.7535738945007324,21.40426254272461,41.25835418701172,0,Periscope,2
0,1324.27001953125,0.7029185891151428,21.216890335083008,30.985883712768555,1,Periscope,2
0,1308.4423828125,0.6746774911880493,21.307598114013672,30.95298194885254,2,Periscope,2
0,1161.9039306640625,0.6227902173995972,20.01105308532715,28.874937057495117,3,Periscope,2
0,1290.74853515625,0.6479485630989075,20.750585556030273,30.964771270751953,4,Periscope,2
0,1455.3759765625,0.7941163778305054,22.55501937866211,42.716766357421875,0,Snapchat,2
0,1589.6356201171875,0.828279435634613,25.00139045715332,51.01252746582031,1,Snapchat,2
0,1395.8758544921875,0.6974892020225525,22.027103424072266,31.49672508239746,2,Snapchat,2
0,1369.4710693359375,0.6962485313415527,22.377315521240234,31.476842880249023,3,Snapchat,2
0,1443.5352783203125,0.7011200189590454,22.45098304748535,34.3558464050293,4,Snapchat,2
0,1350.916015625,0.7692671418190002,21.851009368896484,40.95480728149414,0,Web_Finance,2
0,1433.837890625,0.7576444745063782,22.87105369567871,42.16649627685547,1,Web_Finance,2
0,1328.8167724609375,0.6706430912017822,21.181039810180664,29.235124588012695,2,Web_Finance,2
0,1260.16064453125,0.6534584164619446,20.993085861206055,28.281951904296875,3,Web_Finance,2
0,1308.4217529296875,0.650687575340271,20.835716247558594,29.09954833984375,4,Web_Finance,2
0,1450.863037109375,0.7900475263595581,22.43474006652832,42.52055740356445,0,WhatsApp,2
0,1456.5179443359375,0.7785849571228027,23.501344680786133,37.230445861816406,1,WhatsApp,2
0,1254.64111328125,0.6546642780303955,20.675477981567383,29.14164924621582,2,WhatsApp,2
0,1268.253173828125,0.655672550201416,21.08098030090332,29.465219497680664,3,WhatsApp,2
0,1298.5177001953125,0.6444388031959534,20.63804054260254,26.285585403442383,4,WhatsApp,2
0,1282.1273193359375,0.7378807067871094,20.958513259887695,37.017364501953125,0,Web_Weather,2
0,1368.2216796875,0.7304632663726807,22.047807693481445,36.5504035949707,1,Web_Weather,2
0,1245.3448486328125,0.6515645384788513,20.575965881347656,29.49932289123535,2,Web_Weather,2
0,1231.546875,0.6349947452545166,20.407960891723633,26.552888870239258,3,Web_Weather,2
0,1274.7913818359375,0.6415367722511292,20.54346466064453,29.415061950683594,4,Web_Weather,2
0,1396.6490478515625,0.7669218182563782,21.78129005432129,45.171146392822266,0,Google_Drive,2
0,1378.6214599609375,0.748217761516571,22.585376739501953,40.120635986328125,1,Google_Drive,2
0,1296.4613037109375,0.679820716381073,21.470693588256836,30.69274139404297,2,Google_Drive,2
0,1275.23583984375,0.6604205369949341,21.225549697875977,30.109399795532227,3,Google_Drive,2
0,1334.442626953125,0.6530687212944031,20.911148071289062,31.08251190185547,4,Google_Drive,2
0,1411.5032958984375,0.772077202796936,21.93022346496582,37.675411224365234,0,LinkedIn,2
0,1415.19287109375,0.7523882985115051,22.708276748657227,36.000160217285156,1,LinkedIn,2
0,1310.027587890625,0.6755510568618774,21.337080001831055,31.726947784423828,2,LinkedIn,2
0,1226.4197998046875,0.6457576155662537,20.749351501464844,29.288158416748047,3,LinkedIn,2
0,1299.2330322265625,0.6453714966773987,20.667430877685547,26.26141357421875,4,LinkedIn,2
0,1371.64404296875,0.7522996664047241,21.365957260131836,36.70197677612305,0,Yahoo,2
0,1461.31005859375,0.7615594267845154,22.988685607910156,36.293827056884766,1,Yahoo,2
0,1285.87353515625,0.6584411263465881,20.792224884033203,27.49886131286621,2,Yahoo,2
0,1179.939453125,0.6328003406524658,20.337432861328125,28.05855941772461,3,Yahoo,2
0,1305.6370849609375,0.650702178478241,20.836071014404297,29.24004554748535,4,Yahoo,2
0,1356.2513427734375,0.7609642744064331,21.61162567138672,41.24934387207031,0,Fortnite,2
0,1346.689208984375,0.7280866503715515,21.977317810058594,35.01521682739258,1,Fortnite,2
0,1304.61279296875,0.673324704170227,21.26533317565918,30.248672485351562,2,Fortnite,2
0,1212.4464111328125,0.633766770362854,20.363183975219727,26.443586349487305,3,Fortnite,2
0,1278.229736328125,0.6435534358024597,20.60542869567871,26.881650924682617,4,Fortnite,2
